{"cameraMode":{"drawMode":0,"name":"Shaded","section":"Shading Mode"},"sceneLighting":true,"audioPlay":false,"sceneViewState":{"m_AlwaysRefresh":false,"showFog":true,"showSkybox":true,"showFlares":true,"showImageEffects":true,"showParticleSystems":true,"showVisualEffectGraphs":true,"m_FxEnabled":true},"in2DMode":false,"pivot":{"x":-11.839341163635254,"y":2.519934892654419,"z":20.58223533630371},"rotation":{"x":-0.04636213928461075,"y":-0.9276053309440613,"z":0.34979644417762759,"w":-0.12287571281194687},"size":0.18071427941322328,"orthographic":false}